Timestamp,Humidity,Temperature
20240724104152,49.20,21.20
20240724104222,48.90,21.20
20240724104252,49.10,21.10
20240724104322,48.90,21.20
20240724104352,49.30,21.10
20240724104422,48.90,21.10
20240724104452,48.90,21.10
20240724104522,48.80,21.10
20240724104552,48.60,21.00
20240724104622,48.70,21.10
20240724104652,48.80,21.00
20240724104722,48.80,21.00
20240724104752,48.50,21.00
20240724104822,48.80,21.10
20240724104852,48.70,21.10
20240724104922,48.70,21.00
20240724104952,48.60,21.10
20240724105022,48.60,21.10
20240724105052,48.70,21.10
20240724105122,48.70,21.10
20240724105152,48.60,21.10
20240724105222,48.70,21.20
20240724105252,48.70,21.20
20240724105322,48.70,21.20
20240724105352,48.30,21.20
20240724105422,48.70,21.30
20240724105452,48.40,21.20
20240724105522,48.60,21.20
20240724105552,49.80,21.30
20240724105622,49.10,21.20
20240724105652,48.80,21.20
20240724105722,48.70,21.30
20240724105752,48.90,21.20
20240724105822,49.40,21.20
20240724105852,48.90,21.20
20240724105922,48.70,21.30
20240724105952,48.70,21.10
20240724110022,48.50,21.20
20240724110052,48.60,21.20
20240724110122,48.50,21.20
20240724110152,48.60,21.30
20240724110222,48.40,21.30
20240724110252,48.30,21.40
20240724110322,48.30,21.40
20240724110352,48.10,21.40
20240724110422,48.10,21.50
20240724110452,47.90,21.40
20240724110522,47.80,21.50
20240724110552,48.00,21.50
20240724110622,48.20,21.50
20240724110654,47.90,21.50
20240724110724,48.10,21.50
20240724110754,48.10,21.60
20240724110824,48.10,21.60
20240724110854,48.10,21.50
20240724110924,48.20,21.60
20240724110954,48.20,21.60
20240724111024,48.10,21.50
20240724111054,48.20,21.50
20240724111124,48.20,21.60
20240724111154,48.20,21.50
20240724111224,48.30,21.50
20240724111254,48.30,21.50
20240724111325,48.20,21.60
20240724111355,48.20,21.50
20240724111425,48.00,21.50
20240724111455,48.10,21.50
20240724111525,48.00,21.60
20240724111555,48.00,21.50
20240724111625,48.00,21.60
20240724111655,48.10,21.60
20240724111725,48.10,21.60
20240724111755,47.90,21.60
20240724111825,47.80,21.70
20240724111855,47.80,21.60
20240724111925,47.80,21.70
20240724111955,47.60,21.70
20240724112025,47.50,21.80
20240724112055,47.70,21.70
20240724112125,47.60,21.70
20240724112155,47.80,21.80
20240724112225,47.80,21.70
20240724112255,47.80,21.70
20240724112325,47.70,21.80
20240724112355,47.70,21.70
20240724112425,47.70,21.70
20240724112455,47.80,21.70
20240724112525,47.80,21.70
20240724112555,47.70,21.70
20240724112625,47.60,21.70
20240724112655,47.70,21.70
20240724112725,47.90,21.70
20240724112755,47.60,21.70
20240724112825,47.70,21.70
20240724112855,47.50,21.80
20240724112925,47.50,21.80
20240724112955,47.50,21.80
20240724113025,47.50,21.70
20240724113055,47.50,21.80
20240724113125,47.10,21.80
20240724113155,47.10,21.80
20240724113225,47.20,21.90
20240724113255,47.20,21.80
20240724113325,47.30,21.90
20240724113355,47.60,21.80
20240724113425,47.90,21.80
20240724113455,47.90,21.90
20240724113525,47.70,21.80
20240724113555,47.90,21.80
20240724113625,47.90,21.70
20240724113655,47.80,21.80
20240724113725,47.90,21.80
20240724113755,47.90,21.70
20240724113825,48.20,21.70
20240724113855,48.10,21.80
20240724113925,48.10,21.70
20240724113955,48.00,21.70
20240724114025,47.80,21.70
20240724114055,47.70,21.70
20240724114125,47.90,21.80
20240724114155,47.70,21.70
20240724114225,47.70,21.80
20240724114255,47.50,21.80
20240724114325,47.50,21.80
20240724114355,47.40,21.80
20240724114425,47.40,21.90
20240724114455,47.20,21.90
20240724114525,47.40,21.90
20240724114555,47.30,21.80
20240724114625,47.30,21.80
20240724114655,47.40,21.90
20240724114725,47.40,21.90
20240724114755,47.50,21.90
20240724114825,47.50,21.90
20240724114855,47.50,21.90
20240724114925,47.70,21.80
20240724114955,47.70,21.90
20240724115025,47.90,21.80
20240724115055,47.80,21.80
20240724115125,47.60,21.80
20240724115155,47.80,21.90
20240724115225,47.70,21.80
20240724115255,47.80,21.70
20240724115325,47.70,21.80
20240724115355,47.70,21.70
20240724115425,47.60,21.70
20240724115455,47.60,21.70
20240724115525,47.60,21.80
20240724115555,47.50,21.80
20240724115625,47.40,21.80
20240724115655,47.50,21.80
20240724115725,47.20,21.90
20240724115755,47.30,21.80
20240724115825,47.30,21.80
20240724115855,47.10,21.90
20240724115925,47.10,21.90
20240724115955,47.20,21.90
20240724120025,47.00,22.00
20240724120055,47.20,21.90
20240724120125,47.20,21.90
20240724120155,47.10,22.00
20240724120225,47.30,21.90
20240724120255,47.20,22.00
20240724120325,47.20,22.00
20240724120355,47.10,21.90
20240724120425,47.00,21.90
20240724120455,47.10,21.90
20240724120525,46.80,21.90
20240724120555,46.70,21.90
20240724120625,46.90,21.90
20240724120655,46.70,21.90
20240724120725,46.90,21.80
20240724120755,46.80,21.90
20240724120825,46.80,21.80
20240724120855,47.10,21.90
20240724120925,47.10,21.90
20240724120955,46.80,21.90
20240724121025,46.60,21.90
20240724121055,46.80,21.90
20240724121125,46.70,22.00
20240724121155,46.70,22.00
20240724121225,46.70,22.10
20240724121255,46.60,22.00
20240724121325,46.60,22.00
20240724121355,46.60,22.00
20240724121425,46.60,22.00
20240724121455,46.70,22.10
20240724121525,46.60,22.00
20240724121555,46.60,22.00
20240724121625,47.00,22.00
20240724121655,46.90,21.90
20240724121725,46.60,21.90
20240724121755,46.90,21.90
20240724121825,46.60,22.00
20240724121855,46.60,21.90
20240724121925,46.70,22.00
20240724121955,46.60,21.90
20240724122025,46.50,22.00
20240724122055,46.50,22.00
20240724122125,46.60,22.00
20240724122155,46.60,22.00
20240724122225,46.50,21.90
20240724122255,46.60,21.90
20240724122325,46.80,21.90
20240724122355,46.70,21.80
20240724122425,46.80,21.90
20240724122455,46.50,21.90
20240724122525,46.90,21.90
20240724122555,46.70,21.80
20240724122625,46.60,21.90
20240724122655,46.80,22.00
20240724122726,46.50,22.10
20240724122756,46.50,22.00
20240724122826,46.40,22.00
20240724122856,46.20,22.00
20240724122926,46.30,22.00
20240724122956,46.20,22.10
20240724123026,46.30,22.00
20240724123056,46.40,22.20
20240724123126,46.50,22.00
20240724123156,46.30,22.00
20240724123226,46.50,22.00
20240724123256,46.40,22.00
20240724123326,46.30,22.00
20240724123356,46.50,22.10
20240724123426,46.50,22.00
20240724123456,46.40,21.90
20240724123526,46.40,22.00
20240724123556,46.40,22.00
20240724123626,46.50,22.00
20240724123656,46.60,21.90
20240724123726,46.70,21.90
20240724123756,46.50,21.90
20240724123826,46.50,21.90
20240724123856,46.60,21.90
20240724123926,46.60,21.90
20240724123956,46.60,21.90
20240724124026,46.40,21.90
20240724124056,46.60,21.90
20240724124126,46.50,21.90
20240724124156,46.50,21.90
20240724124226,46.50,21.90
20240724124256,46.40,21.80
20240724124326,46.60,21.90
20240724124356,46.50,22.00
20240724124426,46.40,21.90
20240724124456,46.10,21.90
20240724124526,46.00,22.00
20240724124556,46.10,21.90
20240724124626,46.30,22.00
20240724124656,46.30,22.10
20240724124726,46.40,22.10
20240724124756,46.40,22.00
20240724124826,46.40,22.00
20240724124856,46.60,22.00
20240724124926,46.60,22.00
20240724124956,46.50,22.00
20240724125026,46.50,22.00
20240724125056,46.30,21.90
20240724125126,46.40,21.90
20240724125156,46.30,22.00
20240724125226,46.20,21.90
20240724125256,46.40,21.90
20240724125326,46.50,21.90
20240724125356,46.30,21.90
20240724125426,46.50,21.90
20240724125456,46.20,21.90
20240724125526,46.50,22.00
20240724125556,46.50,22.00
20240724125626,46.40,21.90
20240724125656,46.40,21.90
20240724125726,46.30,21.90
20240724125756,46.40,22.00
20240724125826,46.30,21.90
20240724125856,46.50,21.90
20240724125926,46.50,21.90
20240724125956,46.40,22.00
20240724130026,46.20,21.90
20240724130056,46.30,22.00
20240724130126,46.20,22.00
20240724130156,46.20,22.00
20240724130226,46.10,22.00
20240724130256,46.20,21.90
20240724130326,46.20,22.00
20240724130356,46.30,21.90
20240724130426,46.50,21.90
20240724130456,46.40,21.90
20240724130526,46.50,22.00
20240724130556,46.50,22.00
20240724130626,46.40,21.90
20240724130656,46.50,22.00
20240724130726,46.40,21.90
20240724130756,46.40,21.90
20240724130826,46.30,21.90
20240724130856,46.30,21.90
20240724130926,46.30,21.90
20240724130956,46.40,21.90
20240724131026,46.40,21.90
20240724131056,46.40,22.00
20240724131126,46.40,21.90
20240724131156,46.40,21.80
20240724131226,46.40,21.90
20240724131256,46.50,21.90
20240724131326,46.30,21.90
20240724131356,46.30,21.80
20240724131426,46.10,21.90
20240724131456,46.40,21.90
20240724131526,46.30,21.90
20240724131556,46.30,21.90
20240724131626,46.30,22.00
20240724131656,46.20,21.90
20240724131726,46.20,22.00
20240724131756,46.00,22.00
20240724131826,45.90,22.10
20240724131856,46.00,22.00
20240724131926,45.80,22.00
20240724131956,46.20,22.00
20240724132026,46.10,22.00
20240724132056,46.20,21.90
20240724132126,46.20,22.00
20240724132156,46.20,21.90
20240724132226,46.00,21.90
20240724132256,46.10,21.90
20240724132326,46.00,22.00
20240724132356,46.20,21.90
20240724132426,46.10,21.90
20240724132456,46.20,21.80
20240724132526,46.30,21.90
20240724132556,46.30,21.90
20240724132626,46.30,21.80
20240724132656,46.30,21.90
20240724132726,46.30,21.90
20240724132756,46.20,21.90
20240724132826,46.10,21.90
20240724132856,46.10,21.90
20240724132926,45.90,21.90
20240724132956,45.60,21.90
20240724133026,45.60,21.90
20240724133056,45.70,21.90
20240724133126,45.90,21.90
20240724133156,45.70,21.90
20240724133226,45.70,21.90
20240724133256,45.70,21.80
20240724133326,45.80,21.90
20240724133356,46.00,21.80
20240724133426,46.00,21.90
20240724133456,46.10,21.90
20240724133526,46.00,21.80
20240724133556,46.00,21.80
20240724133626,45.90,21.90
20240724133656,45.80,21.90
20240724133726,45.90,21.90
20240724133756,45.80,21.90
20240724133826,45.80,22.00
20240724133856,45.40,22.00
20240724133926,45.80,22.10
20240724133956,45.50,22.00
20240724134026,45.80,22.00
20240724134056,45.80,21.90
20240724134126,46.00,21.90
20240724134156,45.80,21.90
20240724134227,46.00,21.90
20240724134257,46.10,22.00
20240724134327,46.00,21.90
20240724134357,46.20,22.00
20240724134427,46.10,21.80
20240724134457,45.90,21.80
20240724134527,45.80,21.90
20240724134557,46.00,21.80
20240724134627,46.00,21.80
20240724134657,46.20,21.80
20240724134727,46.00,21.80
20240724134757,46.30,21.80
20240724134827,46.10,21.80
20240724134857,46.00,21.80
20240724134927,46.20,21.90
20240724134957,46.10,21.90
20240724135027,46.20,21.90
20240724135057,46.10,21.80
20240724135127,46.10,21.90
20240724135157,46.00,21.90
20240724135227,46.20,21.80
20240724135257,46.00,21.70
20240724135327,46.20,21.80
20240724135357,46.30,21.90
20240724135427,46.00,21.80
20240724135457,46.00,21.80
20240724135527,46.00,21.80
20240724135557,46.20,21.80
20240724135627,46.00,21.80
20240724135657,46.10,21.90
20240724135727,45.80,21.80
20240724135757,45.80,21.80
20240724135827,45.90,21.80
20240724135857,45.90,21.80
20240724135927,45.90,21.80
20240724135957,45.80,21.80
20240724140027,45.90,21.90
20240724140057,45.90,21.80
20240724140127,46.00,21.80
20240724140157,46.10,21.80
20240724140227,45.90,21.90
20240724140257,45.90,21.90
20240724140327,45.80,21.80
20240724140357,45.70,21.80
20240724140427,45.40,21.80
20240724140457,45.40,21.90
20240724140527,45.50,21.80
20240724140557,45.90,21.90
20240724140627,45.60,21.90
20240724140657,45.80,21.90
20240724140727,45.60,21.90
20240724140757,45.70,21.90
20240724140827,45.80,21.90
20240724140857,45.90,21.90
20240724140927,45.80,21.90
20240724140957,45.90,21.90
20240724141027,45.80,21.90
20240724141057,45.80,21.90
20240724141127,45.80,21.90
20240724141157,45.90,21.90
20240724141227,45.80,21.80
20240724141257,45.70,21.90
20240724141327,45.70,21.90
20240724141357,45.50,21.90
20240724141427,45.70,21.90
20240724141457,45.60,21.80
20240724141527,45.70,21.80
20240724141557,45.80,21.90
20240724141627,45.90,21.80
20240724141657,45.90,21.80
20240724141727,45.90,21.90
20240724141757,45.80,21.80
20240724141827,45.90,21.90
20240724141857,45.80,21.90
20240724141927,45.90,21.80
20240724141957,45.90,21.80
20240724142027,46.00,21.80
20240724142057,45.90,21.80
20240724142127,45.90,21.80
20240724142157,45.90,21.80
20240724142227,45.80,21.80
20240724142257,45.80,21.70
20240724142327,45.90,21.70
20240724142357,45.90,21.70
20240724142427,45.80,21.70
20240724142457,46.00,21.80
20240724142527,45.90,21.80
20240724142557,46.10,21.70
20240724142627,46.20,21.70
20240724142657,45.90,21.70
20240724142727,45.70,21.70
20240724142757,45.80,21.70
20240724142827,45.90,21.70
20240724142857,46.00,21.70
20240724142927,45.90,21.80
20240724142957,45.60,21.80
20240724143027,45.80,21.80
20240724143057,45.60,21.80
20240724143127,45.70,21.80
20240724143157,45.80,21.90
20240724143227,45.80,21.80
20240724143257,45.80,21.90
20240724143327,45.80,21.80
20240724143357,45.80,21.90
20240724143427,45.60,21.90
20240724143457,46.00,21.90
20240724143527,45.80,21.80
20240724143557,45.80,21.80
20240724143627,45.80,21.80
20240724143657,45.90,21.80
20240724143727,45.70,21.80
20240724143757,45.70,21.80
20240724143827,45.90,21.80
20240724143857,46.00,21.80
20240724143927,45.80,21.80
20240724143957,45.90,21.80
20240724144027,45.70,21.80
20240724144057,46.00,21.80
20240724144127,46.00,21.80
20240724144157,45.90,21.80
20240724144227,45.70,21.80
20240724144257,45.80,21.80
20240724144327,45.80,21.70
20240724144357,46.00,21.80
20240724144427,46.00,21.70
20240724144457,46.00,21.70
20240724144527,45.90,21.70
20240724144557,46.00,21.70
20240724144627,46.00,21.70
20240724144657,46.00,21.70
20240724144727,45.80,21.70
20240724144757,46.00,21.70
20240724144827,46.00,21.70
20240724144857,45.90,21.70
20240724144927,45.90,21.70
20240724144957,45.80,21.70
20240724145027,45.70,21.80
20240724145057,45.90,21.70
20240724145127,45.90,21.70
20240724145157,46.00,21.70
20240724145227,46.20,21.70
20240724145257,46.00,21.80
20240724145327,45.90,21.70
20240724145357,45.90,21.70
20240724145427,45.90,21.60
20240724145457,45.60,21.70
20240724145527,45.60,21.70
20240724145557,45.80,21.70
20240724145627,45.90,21.70
20240724145657,45.90,21.70
20240724145728,45.80,21.70
20240724145758,45.90,21.70
20240724145828,46.00,21.70
20240724145858,46.00,21.70
20240724145928,46.00,21.70
20240724145958,45.90,21.80
20240724150028,45.70,21.70
20240724150058,45.70,21.70
20240724150128,45.80,21.70
20240724150158,45.80,21.70
20240724150228,45.80,21.60
20240724150258,45.70,21.60
20240724150328,45.70,21.70
20240724150358,45.50,21.70
20240724150428,45.60,21.70
20240724150458,45.80,21.60
20240724150528,45.80,21.60
20240724150558,45.70,21.70
20240724150628,45.70,21.60
20240724150658,45.80,21.70
20240724150728,45.70,21.70
20240724150758,45.90,21.70
20240724150828,45.70,21.60
20240724150858,45.70,21.70
20240724150928,45.90,21.70
20240724150958,45.70,21.60
20240724151028,45.90,21.70
20240724151058,45.60,21.70
20240724151128,45.80,21.70
20240724151158,45.80,21.70
20240724151228,45.90,21.70
20240724151258,45.70,21.70
20240724151328,45.80,21.70
20240724151358,46.00,21.60
20240724151428,45.70,21.60
20240724151458,45.90,21.60
20240724151528,45.90,21.60
20240724151558,46.00,21.70
20240724151628,45.90,21.70
20240724151658,45.70,21.70
20240724151728,45.90,21.60
20240724151758,45.70,21.60
20240724151828,45.80,21.60
20240724151858,45.90,21.60
20240724151928,45.90,21.60
20240724151958,45.90,21.60
20240724152028,45.80,21.60
20240724152058,45.90,21.60
20240724152128,45.90,21.60
20240724152158,46.00,21.60
20240724152228,46.00,21.60
20240724152258,46.00,21.60
20240724152328,46.10,21.60
20240724152358,45.90,21.60
20240724152428,46.00,21.70
20240724152458,45.80,21.60
20240724152528,45.90,21.70
20240724152558,45.70,21.60
20240724152628,45.80,21.70
20240724152658,45.70,21.60
20240724152728,45.40,21.70
20240724152758,44.90,21.70
20240724152828,45.40,21.60
20240724152858,45.80,21.60
20240724152928,45.90,21.60
20240724152958,45.60,21.70
20240724153028,45.60,21.70
20240724153058,45.50,21.80
20240724153128,45.50,21.60
20240724153158,45.60,21.60
20240724153228,45.40,21.60
20240724153258,45.80,21.60
20240724153328,45.80,21.60
20240724153358,45.90,21.60
20240724153428,45.60,21.70
20240724153458,45.70,21.70
20240724153528,46.00,21.60
20240724153558,45.90,21.60
20240724153628,45.80,21.60
20240724153658,45.80,21.60
20240724153728,45.90,21.60
20240724153758,45.80,21.70
20240724153828,46.00,21.50
20240724153858,45.70,21.60
20240724153928,45.80,21.60
20240724153958,45.80,21.60
20240724154028,45.60,21.60
20240724154058,45.80,21.60
20240724154128,45.80,21.60
20240724154158,45.70,21.60
20240724154228,45.60,21.60
20240724154258,45.80,21.50
20240724154328,45.70,21.60
20240724154358,45.90,21.50
20240724154428,45.80,21.60
20240724154458,45.80,21.60
20240724154528,45.80,21.50
20240724154558,45.90,21.60
20240724154628,46.10,21.50
20240724154658,45.80,21.50
20240724154728,45.90,21.60
20240724154758,45.90,21.50
20240724154828,45.80,21.50
20240724154858,45.80,21.50
20240724154928,45.70,21.50
20240724154958,45.80,21.50
20240724155028,45.80,21.50
20240724155058,45.80,21.60
20240724155128,45.90,21.50
20240724155158,45.80,21.50
20240724155228,45.80,21.50
20240724155258,45.70,21.50
20240724155328,45.90,21.50
20240724155358,46.00,21.50
20240724155428,45.80,21.40
20240724155458,45.90,21.50
20240724155528,45.80,21.50
20240724155558,45.90,21.40
20240724155628,45.90,21.50
20240724155658,45.90,21.50
20240724155728,45.80,21.60
20240724155758,46.10,21.50
20240724155828,46.00,21.40
20240724155858,46.10,21.30
20240724155928,46.10,21.40
20240724155958,46.10,21.40
20240724160028,45.90,21.50
20240724160058,46.00,21.40
20240724160128,46.00,21.40
20240724160158,46.10,21.40
20240724160228,46.00,21.40
20240724160258,46.10,21.40
20240724160328,46.00,21.40
20240724160358,45.90,21.40
20240724160428,45.80,21.40
20240724160458,45.80,21.40
20240724160528,45.90,21.40
20240724160558,46.00,21.40
20240724160628,46.00,21.40
20240724160658,46.00,21.50
20240724160728,46.00,21.40
20240724160758,46.00,21.50
20240724160828,45.90,21.40
20240724160858,46.00,21.40
20240724160928,46.20,21.30
20240724160958,46.10,21.40
20240724161028,46.00,21.40
20240724161058,45.90,21.30
20240724161128,46.10,21.40
20240724161158,46.00,21.30
20240724161229,46.10,21.40
20240724161259,46.10,21.40
20240724161329,46.10,21.40
20240724161359,46.00,21.40
20240724161429,46.10,21.40
20240724161459,46.20,21.40
20240724161529,46.10,21.40
20240724161559,46.00,21.30
20240724161629,46.10,21.30
20240724161659,46.10,21.40
20240724161729,46.20,21.30
20240724161759,46.10,21.40
20240724161829,46.20,21.30
20240724161859,46.20,21.40
20240724161929,46.10,21.30
20240724161959,46.10,21.30
20240724162029,46.40,21.30
20240724162059,46.30,21.30
20240724162129,46.20,21.40
20240724162159,46.10,21.40
20240724162229,46.10,21.30
20240724162259,46.00,21.30
20240724162329,46.30,21.30
20240724162359,46.20,21.20
20240724162429,46.20,21.30
20240724162459,46.20,21.30
20240724162529,46.30,21.30
20240724162559,46.30,21.30
20240724162629,46.10,21.20
20240724162659,46.30,21.30
20240724162729,46.30,21.20
20240724162759,46.50,21.30
20240724162829,46.40,21.30
20240724162859,46.40,21.30
20240724162929,46.30,21.30
20240724162959,46.30,21.30
20240724163029,46.30,21.30
20240724163059,46.30,21.30
20240724163129,46.30,21.30
20240724163159,46.10,21.30
20240724163229,46.30,21.30
20240724163259,46.10,21.40
20240724163329,46.20,21.30
20240724163359,46.00,21.30
20240724163429,46.20,21.30
20240724163459,46.10,21.30
20240724163529,46.10,21.30
20240724163559,46.00,21.30
20240724163629,46.20,21.30
20240724163659,46.10,21.30
20240724163729,46.10,21.30
20240724163759,46.20,21.20
20240724163829,46.20,21.30
20240724163859,46.40,21.30
20240724163929,46.30,21.30
20240724163959,46.40,21.30
20240724164029,46.50,21.20
20240724164059,46.30,21.20
20240724164129,46.30,21.30
20240724164159,46.40,21.20
20240724164229,46.20,21.40
20240724164259,46.30,21.20
20240724164329,46.40,21.20
20240724164359,46.20,21.30
20240724164429,46.20,21.30
20240724164459,46.30,21.30
20240724164529,46.30,21.40
20240724164559,46.10,21.40
20240724164629,46.40,21.30
20240724164659,46.40,21.40
20240724164729,46.20,21.30
20240724164759,46.40,21.30
20240724164829,46.50,21.40
20240724164859,46.40,21.30
20240724164929,46.40,21.30
20240724164959,46.40,21.30
20240724165029,46.30,21.40
20240724165059,46.40,21.30
20240724165129,46.40,21.30
20240724165159,46.30,21.30
20240724165229,46.20,21.30
20240724165259,46.20,21.30
20240724165329,46.20,21.30
20240724165359,46.10,21.30
20240724165429,46.20,21.30
20240724165459,46.20,21.30
20240724165529,46.30,21.30
20240724165559,46.10,21.30
20240724165629,46.30,21.20
20240724165659,46.30,21.30
20240724165729,46.10,21.20
20240724165759,46.30,21.20
20240724165829,46.30,21.30
20240724165859,46.20,21.20
20240724165929,46.20,21.30
20240724165959,46.30,21.30
20240724170029,46.30,21.20
20240724170059,46.40,21.20
20240724170129,46.50,21.20
20240724170159,46.50,21.20
20240724170229,46.40,21.20
20240724170259,46.40,21.30
20240724170329,46.40,21.20
20240724170359,46.20,21.20
20240724170429,46.40,21.20
20240724170459,46.40,21.30
20240724170529,46.30,21.20
20240724170559,46.50,21.20
20240724170629,46.40,21.30
20240724170659,46.40,21.30
20240724170729,46.40,21.20
20240724170759,46.70,21.20
20240724170829,46.40,21.20
20240724170859,46.40,21.20
20240724170929,46.50,21.30
20240724170959,46.40,21.30
20240724171029,46.50,21.30
20240724171059,46.50,21.30
20240724171129,46.40,21.30
20240724171159,46.50,21.30
20240724171229,46.60,21.30
20240724171259,46.60,21.30
20240724171329,46.50,21.30
20240724171359,46.50,21.30
20240724171429,46.40,21.30
20240724171459,46.40,21.30
20240724171529,46.60,21.30
20240724171559,46.70,21.30
20240724171629,46.60,21.20
20240724171659,46.50,21.30
20240724171729,46.40,21.20
20240724171759,46.20,21.20
20240724171829,46.30,21.20
20240724171859,46.40,21.20
20240724171929,46.40,21.30
20240724171959,46.30,21.20
20240724172029,46.40,21.20
20240724172059,46.40,21.20
20240724172129,46.40,21.20
20240724172159,46.40,21.20
20240724172229,46.40,21.10
20240724172259,46.50,21.20
20240724172329,46.60,21.20
20240724172359,46.50,21.20
20240724172429,46.60,21.20
20240724172459,46.70,21.20
20240724172529,46.60,21.20
20240724172559,46.50,21.20
20240724172629,46.60,21.10
20240724172659,46.70,21.20
20240724172730,46.60,21.20
20240724172800,46.70,21.10
20240724172830,46.70,21.10
20240724172900,46.70,21.20
20240724172930,46.80,21.10
20240724173000,46.50,21.10
20240724173030,46.60,21.10
20240724173100,46.50,21.20
20240724173130,46.40,21.20
20240724173200,46.40,21.20
20240724173230,46.40,21.20
20240724173300,46.40,21.30
20240724173330,46.30,21.20
20240724173400,46.30,21.30
20240724173430,46.40,21.30
20240724173500,46.40,21.30
20240724173530,46.40,21.10
20240724173600,46.30,21.20
20240724173630,46.40,21.20
20240724173700,46.40,21.20
20240724173730,46.50,21.20
20240724173800,46.50,21.20
20240724173830,46.60,21.10
20240724173900,46.60,21.10
20240724173930,46.60,21.10
20240724174000,46.60,21.10
20240724174030,46.80,21.10
20240724174100,46.70,21.10
20240724174130,46.70,21.20
20240724174200,46.60,21.10
20240724174230,46.70,21.10
20240724174300,46.60,21.00
20240724174330,46.70,21.10
20240724174400,46.60,21.10
20240724174430,46.60,21.10
20240724174500,46.70,21.10
20240724174530,46.70,21.00
20240724174600,46.70,21.00
20240724174630,46.80,21.00
20240724174700,46.70,21.10
20240724174730,46.70,21.10
20240724174800,46.80,21.00
20240724174830,46.70,21.10
20240724174900,46.80,21.00
20240724174930,46.80,21.10
20240724175000,46.80,21.00
20240724175030,46.70,21.10
20240724175100,46.80,21.10
20240724175130,46.70,21.10
20240724175200,46.70,21.10
20240724175230,46.70,21.10
20240724175300,46.50,21.10
20240724175330,46.60,21.10
20240724175400,46.70,21.10
20240724175430,46.60,21.20
20240724175500,46.60,21.20
20240724175530,46.60,21.20
20240724175600,46.60,21.20
20240724175630,46.70,21.20
20240724175700,46.70,21.20
20240724175730,46.60,21.20
20240724175800,46.60,21.20
20240724175830,46.70,21.20
20240724175900,46.60,21.20
20240724175930,46.60,21.10
20240724180000,46.60,21.20
20240724180030,46.60,21.10
20240724180100,46.60,21.20
20240724180130,46.70,21.10
20240724180200,46.50,21.10
20240724180230,46.60,21.10
20240724180300,46.50,21.20
20240724180330,46.60,21.10
20240724180400,46.50,21.20
20240724180430,46.60,21.10
20240724180500,46.70,21.10
20240724180530,46.60,21.10
20240724180600,46.70,21.10
20240724180630,46.60,21.10
20240724180700,46.70,21.00
20240724180730,46.80,21.00
20240724180800,46.70,21.10
20240724180830,46.80,21.00
20240724180900,46.60,21.10
20240724180930,46.80,21.00
20240724181000,46.60,21.10
20240724181030,46.70,21.00
20240724183600,45.50,21.80
20240724183630,45.60,21.70
20240724183700,45.90,21.60
20240724183730,46.10,21.60
20240724183800,46.20,21.50
20240724183830,46.30,21.40
20240724183900,46.60,21.40
20240724183930,46.70,21.30
20240724184000,46.70,21.40
20240724184030,46.90,21.30
20240724184100,46.70,21.30
20240724184130,46.90,21.30
20240724184200,46.80,21.30
20240724184230,46.80,21.30
20240724184300,46.90,21.30
20240724184330,46.90,21.30
20240724184400,46.90,21.20
20240724184430,46.90,21.30
20240724184500,47.10,21.20
20240724184530,47.10,21.30
20240724184600,46.80,21.20
20240724184630,47.00,21.20
20240724184700,46.90,21.20
20240724184730,47.00,21.30
20240724184800,47.00,21.30
20240724184830,46.80,21.30
20240724184900,46.90,21.30
20240724184930,46.90,21.30
20240724185000,46.90,21.30
20240724185030,46.80,21.40
20240724185100,46.80,21.50
20240724185130,46.90,21.40
20240724185200,46.70,21.40
20240724185230,46.80,21.40
20240724185300,46.80,21.40
20240724185330,47.00,21.50
20240724185400,47.00,21.40
20240724185430,46.80,21.50
20240724185500,46.80,21.40
20240724185530,46.80,21.30
20240724185600,46.80,21.30
20240724185630,46.70,21.30
20240724185700,46.80,21.40
20240724185730,46.80,21.30
20240724185800,46.70,21.40
20240724185830,46.90,21.30
20240724185900,46.90,21.30
20240724185930,47.00,21.40
20240724190000,46.90,21.30
20240724190030,46.90,21.40
20240724190100,46.60,21.30
20240724190130,46.80,21.40
20240724190200,46.80,21.30
20240724190230,46.90,21.40
20240724190300,46.90,21.40
20240724190330,46.90,21.50
20240724190400,46.80,21.50
20240724190430,46.70,21.50
20240724190500,46.80,21.50
20240724190530,46.70,21.40
20240724190600,46.70,21.40
20240724190630,46.70,21.50
20240724190700,46.70,21.40
20240724190730,46.70,21.50
20240724190800,46.60,21.50
20240724190830,46.50,21.50
20240724190900,46.60,21.40
20240724190930,46.80,21.40
20240724191000,46.80,21.40
20240724191030,46.80,21.40
20240724191100,46.70,21.30
20240724191130,46.80,21.40
20240724191200,46.70,21.40
20240724191230,46.90,21.30
20240724191300,46.90,21.40
20240724191330,46.80,21.40
20240724191400,46.60,21.50
20240724191430,46.60,21.40
20240724191500,46.70,21.50
20240724191530,46.70,21.50
20240724191600,46.70,21.50
20240724191630,46.70,21.50
20240724191700,46.80,21.60
20240724191730,46.60,21.50
20240724191800,46.60,21.50
20240724191830,46.60,21.60
20240724191900,46.60,21.60
20240724191930,46.60,21.60
20240724192000,46.70,21.50
20240724192030,46.60,21.50
20240724192100,46.50,21.50
20240724192130,46.60,21.50
20240724192201,46.80,21.50
20240724192231,46.70,21.50
20240724192301,46.80,21.40
20240724192331,46.70,21.40
20240724192401,47.00,21.40
20240724192431,46.80,21.40
20240724192501,46.90,21.40
20240724192531,46.90,21.40
20240724192601,46.90,21.50
20240724192631,46.90,21.40
20240724192701,46.90,21.50
20240724192731,46.60,21.40
20240724192801,46.80,21.50
20240724192831,46.80,21.40
20240724192901,46.80,21.50
20240724192931,46.90,21.60
20240724193001,46.80,21.50
20240724193031,46.70,21.50
20240724193101,46.60,21.50
20240724193131,46.70,21.60
20240724193201,46.70,21.50
20240724193231,46.80,21.60
20240724193301,46.60,21.60
20240724193331,46.60,21.60
20240724193401,46.70,21.60
20240724193431,46.90,21.60
20240724193501,46.80,21.50
20240724193531,46.70,21.50
20240724193601,46.60,21.50
20240724193631,46.80,21.50
20240724193701,46.80,21.40
20240724193731,46.80,21.50
20240724193801,46.70,21.40
20240724193831,46.80,21.40
20240724193901,46.80,21.40
20240724193931,46.80,21.50
20240724194001,46.80,21.40
20240724194031,46.70,21.40
20240724194101,46.80,21.50
20240724194131,46.70,21.50
20240724194201,46.70,21.50
20240724194231,46.60,21.50
20240724194301,46.70,21.50
20240724194331,46.60,21.50
20240724194401,46.70,21.60
20240724194431,46.60,21.60
20240724194501,46.50,21.60
20240724194531,46.40,21.60
20240724194601,46.40,21.70
20240724194631,46.40,21.70
20240724194701,46.50,21.70
20240724194731,46.40,21.60
20240724194801,46.40,21.80
20240724194831,46.50,21.60
20240724194901,46.50,21.70
20240724194931,46.50,21.70
20240724195001,46.50,21.70
20240724195031,46.60,21.70
20240724195101,46.50,21.60
20240724195131,46.40,21.60
20240724195201,46.60,21.60
20240724195231,46.40,21.60
20240724195301,46.60,21.60
20240724195331,46.50,21.50
20240724195401,46.50,21.50
20240724195431,46.60,21.40
20240724195501,46.70,21.60
20240724195531,46.40,21.50
20240724195601,46.70,21.50
20240724195631,46.60,21.60
20240724195701,46.60,21.60
20240724195731,46.60,21.60
20240724195801,46.50,21.60
20240724195831,46.60,21.60
20240724195901,46.50,21.60
20240724195931,46.50,21.60
20240724200001,46.50,21.70
20240724200031,46.60,21.70
20240724200101,46.30,21.70
20240724200131,46.50,21.70
20240724200201,46.40,21.70
20240724200231,46.50,21.60
20240724200301,46.40,21.70
20240724200331,46.40,21.70
20240724200401,46.50,21.70
20240724200431,46.50,21.60
20240724200501,46.60,21.70
20240724200531,46.50,21.60
20240724200601,46.50,21.60
20240724200631,46.50,21.60
20240724200701,46.40,21.60
20240724200731,46.50,21.50
20240724200801,46.60,21.60
20240724200831,46.60,21.50
20240724200901,46.60,21.50
20240724200931,46.50,21.50
20240724201001,46.80,21.50
20240724201031,46.70,21.50
20240724201101,46.60,21.60
20240724201131,46.50,21.50
20240724201201,46.80,21.60
20240724201231,46.50,21.60
20240724201301,46.60,21.60
20240724201331,46.50,21.60
20240724201401,46.60,21.60
20240724201431,46.30,21.70
20240724201501,46.20,21.70
20240724201531,46.30,21.70
20240724201601,46.50,21.60
20240724201631,46.50,21.60
20240724201701,46.30,21.60
20240724201731,46.50,21.60
20240724201801,46.30,21.60
20240724201831,46.40,21.70
20240724201901,46.50,21.60
20240724201931,46.40,21.50
20240724202001,46.40,21.50
20240724202031,46.50,21.60
20240724202101,46.60,21.50
20240724202131,46.60,21.50
20240724202201,46.50,21.50
20240724202231,46.60,21.60
20240724202301,46.40,21.60
20240724202331,46.40,21.60
20240724202401,46.50,21.60
20240724202431,46.60,21.60
20240724202501,46.50,21.60
20240724202531,46.60,21.60
20240724202601,46.60,21.60
20240724202631,46.40,21.60
20240724202701,46.50,21.70
20240724202731,46.50,21.60
20240724202801,46.40,21.60
20240724202831,46.40,21.70
20240724202901,46.60,21.70
20240724202931,46.50,21.70
20240724203001,46.40,21.60
20240724203031,46.50,21.60
20240724203101,46.60,21.60
20240724203131,46.60,21.60
20240724203201,46.60,21.60
20240724203231,46.50,21.50
20240724203301,46.40,21.50
20240724203331,46.60,21.50
20240724203401,46.40,21.50
20240724203431,46.60,21.60
20240724203501,46.50,21.50
20240724203531,46.60,21.60
20240724203601,46.50,21.50
20240724203631,46.50,21.60
20240724203701,46.50,21.60
20240724203731,46.50,21.60
20240724203802,46.60,21.60
20240724203832,46.40,21.70
20240724203902,46.40,21.60
20240724203932,46.50,21.70
20240724204002,46.40,21.60
20240724204032,46.20,21.70
20240724204102,46.40,21.70
20240724204132,46.40,21.70
20240724204202,46.40,21.70
20240724204232,46.30,21.70
20240724204302,46.20,21.70
20240724204332,46.30,21.60
20240724204402,46.40,21.60
20240724204432,46.20,21.50
20240724204502,46.30,21.50
20240724204532,46.20,21.50
20240724204602,46.50,21.50
20240724204632,46.40,21.50
20240724204702,46.40,21.50
20240724204732,46.50,21.60
20240724204802,46.60,21.40
20240724204832,46.60,21.40
20240724204902,46.60,21.50
20240724204932,46.50,21.40
20240724205002,46.60,21.50
20240724205032,46.50,21.50
20240724205102,46.60,21.50
20240724205132,46.50,21.50
20240724205202,46.50,21.60
20240724205232,46.50,21.60
20240724205302,46.60,21.60
20240724205332,46.50,21.60
20240724205402,46.50,21.60
20240724205432,46.50,21.60
20240724205502,46.40,21.60
20240724205532,46.40,21.70
20240724205602,46.30,21.70
20240724205632,46.30,21.70
20240724205702,46.40,21.70
20240724205732,46.30,21.70
20240724205802,46.40,21.60
20240724205832,46.50,21.70
20240724205902,46.60,21.70
20240724205932,46.40,21.60
20240724210002,46.50,21.60
20240724210032,46.40,21.60
20240724210102,46.40,21.60
20240724210132,46.60,21.50
20240724210202,46.60,21.50
20240724210232,46.50,21.60
20240724210302,46.50,21.50
20240724210332,46.50,21.50
20240724210402,46.70,21.50
20240724210432,46.60,21.50
20240724210502,46.70,21.50
20240724210532,46.70,21.50
20240724210602,46.50,21.50
20240724210632,46.60,21.60
20240724210702,46.60,21.60
20240724210732,46.40,21.60
20240724210802,46.50,21.60
20240724210832,46.50,21.60
20240724210902,46.40,21.70
20240724210932,46.30,21.60
20240724211002,46.50,21.70
20240724211032,46.40,21.70
20240724211102,46.50,21.60
20240724211132,46.30,21.70
20240724211202,46.30,21.70
20240724211232,46.40,21.70
20240724211302,46.40,21.70
20240724211332,46.40,21.70
20240724211402,46.40,21.70
20240724211432,46.40,21.60
20240724211502,46.40,21.60
20240724211532,46.50,21.60
20240724211602,46.50,21.60
20240724211632,46.50,21.60
20240724211702,46.40,21.50
20240724211732,46.50,21.60
20240724211802,46.40,21.50
20240724211832,46.40,21.60
20240724211902,46.50,21.50
20240724211932,46.40,21.60
20240724212002,46.50,21.60
20240724212032,46.50,21.60
20240724212102,46.50,21.60
20240724212132,46.40,21.60
20240724212202,46.60,21.60
20240724212232,46.40,21.70
20240724212302,46.40,21.70
20240724212332,46.40,21.70
20240724212402,46.30,21.70
20240724212432,46.40,21.70
20240724212502,46.40,21.70
20240724212532,46.20,21.70
20240724212602,46.10,21.70
20240724212632,46.30,21.70
20240724212702,46.30,21.70
20240724212732,46.10,21.60
20240724212802,46.30,21.60
20240724212832,46.40,21.70
20240724212902,46.20,21.50
20240724212932,46.40,21.60
20240724213002,46.30,21.50
20240724213032,46.60,21.50
20240724213102,46.40,21.50
20240724213132,46.50,21.50
20240724213202,46.30,21.50
20240724213232,46.40,21.60
20240724213302,46.40,21.60
20240724213332,46.40,21.60
20240724213402,46.60,21.60
20240724213432,46.50,21.60
20240724213502,46.30,21.70
20240724213532,46.40,21.70
20240724213602,46.30,21.70
20240724213632,46.30,21.70
20240724213702,46.20,21.70
20240724213732,46.20,21.70
20240724213802,46.20,21.80
20240724213832,46.10,21.70
20240724213902,46.20,21.70
20240724213932,46.20,21.60
20240724214002,46.10,21.70
20240724214032,46.00,21.50
20240724214102,46.10,21.60
20240724214132,46.10,21.60
20240724214202,46.00,21.60
20240724214232,46.20,21.60
20240724214302,46.00,21.50
20240724214332,46.20,21.50
20240724214402,46.30,21.50
20240724214432,46.50,21.50
20240724214502,46.30,21.50
20240724214532,46.30,21.50
20240724214602,46.40,21.50
20240724214632,46.40,21.50
20240724214702,46.40,21.50
20240724214732,46.40,21.60
20240724214802,46.20,21.60
20240724214832,46.30,21.60
20240724214902,46.10,21.70
20240724214932,46.30,21.60
20240724215002,46.40,21.60
20240724215032,46.20,21.60
20240724215102,46.20,21.60
20240724215132,46.10,21.60
20240724215202,46.20,21.60
20240724215232,46.10,21.60
20240724215302,46.20,21.60
20240724215333,46.20,21.60
20240724215403,46.20,21.50
20240724215433,46.20,21.60
20240724215503,46.20,21.50
20240724215533,46.20,21.50
20240724215603,46.30,21.50
20240724215633,46.30,21.50
20240724215703,46.30,21.50
20240724215733,46.30,21.50
20240724215803,46.20,21.50
20240724215833,46.40,21.50
20240724215903,46.40,21.50
20240724215933,46.40,21.50
20240724220003,46.30,21.50
20240724220033,46.30,21.60
20240724220103,46.40,21.60
20240724220133,46.20,21.70
20240724220203,46.10,21.60
20240724220233,46.20,21.60
20240724220303,46.10,21.70
20240724220333,46.30,21.70
20240724220403,46.00,21.70
20240724220433,45.90,21.60
20240724220503,46.00,21.60
20240724220533,46.10,21.60
20240724220603,46.20,21.60
20240724220633,46.30,21.50
20240724220703,46.30,21.50
20240724220733,46.30,21.50
20240724220803,46.20,21.50
20240724220833,46.40,21.50
20240724220903,46.40,21.40
20240724220933,46.50,21.50
20240724221003,46.70,21.40
20240724221033,46.60,21.40
20240724221103,46.40,21.40
20240724221133,46.40,21.50
20240724221203,46.40,21.50
20240724221233,46.60,21.60
20240724221303,46.40,21.50
20240724221333,46.60,21.50
20240724221403,46.30,21.50
20240724221433,46.40,21.50
20240724221503,46.30,21.50
20240724221533,46.30,21.60
20240724221603,46.20,21.50
20240724221633,46.20,21.60
20240724221703,46.10,21.50
20240724221733,46.30,21.50
20240724221803,46.20,21.50
20240724221833,46.40,21.60
20240724221903,46.30,21.50
20240724221933,46.30,21.50
20240724222003,46.20,21.40
20240724222033,46.50,21.40
20240724222103,46.40,21.50
20240724222133,46.50,21.50
20240724222203,46.50,21.50
20240724222233,46.50,21.40
20240724222303,46.40,21.50
20240724222333,46.20,21.50
20240724222403,46.30,21.50
20240724222433,46.30,21.60
20240724222503,46.50,21.60
20240724222533,46.30,21.60
20240724222603,46.30,21.60
20240724222633,46.30,21.70
20240724222703,46.20,21.60
20240724222733,46.20,21.60
20240724222803,46.20,21.60
20240724222833,46.20,21.60
20240724222903,46.20,21.60
20240724222933,46.40,21.50
20240724223003,46.30,21.60
20240724223033,46.70,21.60
20240724223103,46.50,21.50
20240724223133,46.60,21.50
20240724223203,46.60,21.50
20240724223233,46.60,21.40
20240724223303,46.60,21.40
20240724223333,46.40,21.50
20240724223403,46.50,21.40
20240724223433,46.50,21.40
20240724223503,46.70,21.50
20240724223533,46.60,21.50
20240724223603,46.70,21.50
20240724223633,46.90,21.50
20240724223703,46.60,21.50
20240724223733,46.70,21.40
20240724223803,46.60,21.50
20240724223833,46.70,21.60
20240724223903,46.30,21.70
20240724223933,46.30,21.70
20240724224003,46.20,21.70
20240724224033,46.10,21.70
20240724224103,46.20,21.70
20240724224133,46.10,21.70
20240724224203,46.30,21.60
20240724224233,46.50,21.60
20240724224303,46.40,21.70
20240724224333,46.60,21.60
20240724224403,46.60,21.50
20240724224433,46.50,21.50
20240724224503,46.50,21.50
20240724224533,46.60,21.50
20240724224603,46.70,21.50
20240724224633,46.70,21.40
20240724224703,46.70,21.40
20240724224733,46.70,21.50
20240724224803,46.70,21.50
20240724224833,46.70,21.50
20240724224903,46.80,21.50
20240724224933,46.80,21.60
20240724225003,46.80,21.60
20240724225033,46.70,21.60
20240724225103,46.50,21.60
20240724225133,46.50,21.60
20240724225203,46.40,21.80
20240724225233,46.40,21.70
20240724225303,46.50,21.60
20240724225333,46.30,21.70
20240724225403,46.30,21.70
20240724225433,46.30,21.60
20240724225503,46.50,21.60
20240724225533,46.40,21.60
20240724225603,47.10,21.60
20240724225633,46.50,21.50
20240724225703,46.40,21.50
20240724225733,46.40,21.50
20240724225803,46.40,21.60
20240724225833,46.30,21.60
20240724225903,46.40,21.60
20240724225933,46.60,21.70
20240724230003,46.50,21.70
20240724230033,46.40,21.60
20240724230103,46.60,21.60
20240724230133,46.60,21.60
20240724230203,46.60,21.60
20240724230233,46.40,21.60
20240724230303,46.20,21.70
20240724230333,46.40,21.60
20240724230403,46.30,21.60
20240724230433,46.50,21.50
20240724230503,46.50,21.60
20240724230533,46.40,21.60
20240724230603,46.40,21.70
20240724230633,46.50,21.50
20240724230703,46.60,21.60
20240724230733,46.60,21.50
20240724230803,46.60,21.50
20240724230833,46.70,21.60
20240724230903,46.60,21.50
20240724230934,46.40,21.60
20240724231004,46.50,21.50
20240724231034,46.50,21.50
20240724231104,46.70,21.50
20240724231134,46.50,21.50
20240724231204,46.40,21.60
20240724231234,46.60,21.50
20240724231304,46.60,21.50
20240724231334,46.60,21.50
20240724231404,46.40,21.50
20240724231434,46.60,21.40
20240724231504,46.60,21.40
20240724231534,46.60,21.50
20240724231604,46.50,21.40
20240724231634,46.50,21.50
20240724231704,46.70,21.40
20240724231734,46.50,21.40
20240724231804,46.70,21.40
20240724231834,46.40,21.50
20240724231904,46.30,21.50
20240724231934,46.40,21.50
20240724232004,46.50,21.50
20240724232034,46.50,21.40
20240724232104,46.40,21.40
20240724232134,46.50,21.50
20240724232204,46.70,21.40
20240724232234,46.40,21.40
20240724232304,46.50,21.40
20240724232334,46.40,21.40
20240724232404,46.50,21.40
20240724232434,46.40,21.40
20240724232504,46.40,21.40
20240724232534,46.50,21.50
20240724232604,46.40,21.50
20240724232634,46.60,21.40
20240724232704,46.40,21.40
20240724232734,46.40,21.40
20240724232804,46.40,21.40
20240724232834,46.40,21.40
20240724232904,46.40,21.40
20240724232934,46.40,21.40
20240724233004,46.30,21.40
20240724233034,46.50,21.40
20240724233104,46.50,21.30
20240724233134,46.50,21.40
20240724233204,46.40,21.40
20240724233234,46.40,21.30
20240724233304,46.50,21.40
20240724233334,46.40,21.30
20240724233404,46.40,21.30
20240724233434,46.50,21.30
20240724233504,46.40,21.30
20240724233534,46.40,21.30
20240724233604,46.60,21.30
20240724233634,46.60,21.30
20240724233704,46.50,21.20
20240724233734,46.50,21.30
20240724233804,46.50,21.20
20240724233834,46.60,21.30
20240724233904,46.50,21.30
20240724233934,46.50,21.20
20240724234004,46.40,21.30
20240724234034,46.40,21.20
20240724234104,46.50,21.20
20240724234134,46.50,21.30
20240724234204,46.40,21.20
20240724234234,46.40,21.30
20240724234304,46.50,21.30
20240724234334,46.40,21.30
20240724234404,46.40,21.30
20240724234434,46.30,21.20
20240724234504,46.40,21.30
20240724234534,46.30,21.30
20240724234604,46.40,21.30
20240724234634,46.40,21.20
20240724234704,46.50,21.20
20240724234734,46.40,21.20
20240724234804,46.30,21.20
20240724234834,46.40,21.20
20240724234904,46.50,21.20
20240724234934,46.40,21.20
20240724235004,46.40,21.20
20240724235034,46.40,21.10
20240724235104,46.40,21.20
20240724235134,46.50,21.20
20240724235204,46.50,21.20
20240724235234,46.60,21.10
20240724235304,46.40,21.20
20240724235334,46.60,21.20
20240724235404,46.60,21.20
20240724235434,46.50,21.10
20240724235504,46.50,21.20
20240724235534,46.60,21.20
20240724235604,46.60,21.10
20240724235634,46.70,21.10
20240724235704,46.60,21.10
20240724235734,46.50,21.20
20240724235804,46.60,21.10
20240724235834,46.70,21.10
20240724235904,46.70,21.10
20240724235934,46.70,21.10
20240725000004,46.60,21.10
20240725000034,46.50,21.10
20240725000104,46.40,21.10
20240725000134,46.50,21.10
20240725000204,46.50,21.10
20240725000234,46.50,21.20
20240725000304,46.50,21.10
20240725000334,46.50,21.20
20240725000404,46.50,21.20
20240725000434,46.40,21.10
20240725000504,46.40,21.10
20240725000534,46.50,21.10
20240725000604,46.40,21.10
20240725000634,46.50,21.10
20240725000704,46.60,21.10
20240725000734,46.50,21.10
20240725000804,46.50,21.20
20240725000834,46.50,21.10
20240725000904,46.50,21.10
20240725000934,46.50,21.10
20240725001004,46.50,21.10
20240725001034,46.50,21.10
20240725001104,46.60,21.10
20240725001134,46.50,21.10
20240725001204,46.50,21.10
20240725001234,46.40,21.00
20240725001304,46.60,21.10
20240725001334,46.50,21.10
20240725001404,46.40,21.00
20240725001434,46.30,21.10
20240725001504,46.40,21.00
20240725001534,46.40,21.00
20240725001604,46.40,21.10
20240725001634,46.40,21.10
20240725001704,46.70,21.00
20240725001734,46.40,21.10
20240725001804,46.40,21.00
20240725001834,46.60,21.00
20240725001904,46.70,20.90
20240725001934,46.60,21.00
20240725002004,46.60,21.00
20240725002034,46.50,21.00
20240725002104,46.60,21.00
20240725002134,46.50,21.10
20240725002204,46.60,20.90
20240725002234,46.40,21.00
20240725002304,46.40,21.00
20240725002334,46.50,20.90
20240725002405,46.50,21.00
20240725002434,46.60,20.90
20240725002505,46.70,21.00
20240725002535,46.50,21.10
20240725002605,46.50,20.90
20240725002635,46.50,20.90
20240725002705,46.50,20.90
20240725002735,46.50,20.90
20240725002805,46.40,20.90
20240725002835,46.60,21.00
20240725002905,46.50,20.90
20240725002935,46.50,20.90
20240725003005,46.60,20.90
20240725003035,46.50,20.80
20240725003105,46.70,20.80
20240725003135,46.40,20.90
20240725003205,46.50,20.80
20240725003235,46.70,20.80
20240725003305,46.70,20.80
20240725003335,46.60,20.90
20240725003405,46.60,20.90
20240725003435,46.60,20.90
20240725003505,46.60,20.80
20240725003535,46.50,20.90
20240725003605,46.60,20.90
20240725003635,46.70,20.90
20240725003705,46.70,20.80
20240725003735,46.50,20.80
20240725003805,46.60,20.80
20240725003835,46.70,20.80
20240725003905,46.60,20.80
20240725003935,46.80,20.80
20240725004005,46.60,20.90
20240725004035,46.60,20.80
20240725004105,46.60,20.80
20240725004135,46.50,20.80
20240725004205,46.70,20.80
20240725004235,46.60,20.80
20240725004305,46.60,20.80
20240725004335,46.70,20.90
20240725004405,46.70,20.80
20240725004435,46.70,20.80
20240725004505,46.80,20.80
20240725004535,46.80,20.80
20240725004605,46.80,20.70
20240725004635,46.70,20.80
20240725004705,46.70,20.70
20240725004735,46.60,20.80
20240725004805,46.60,20.80
20240725004835,46.60,20.90
20240725004905,46.60,20.80
20240725004935,46.60,20.80
20240725005005,46.70,20.80
20240725005035,46.80,20.70
20240725005105,46.70,20.70
20240725005135,46.70,20.70
20240725005205,46.80,20.80
20240725005235,46.70,20.70
20240725005305,46.90,20.70
20240725005335,46.70,20.70
20240725005405,46.60,20.70
20240725005435,46.90,20.60
20240725005505,46.90,20.60
20240725005535,46.80,20.50
20240725005605,46.70,20.70
20240725005635,46.70,20.70
20240725005705,46.80,20.60
20240725005735,46.90,20.60
20240725005805,46.80,20.60
20240725005835,46.80,20.70
20240725005905,46.80,20.60
20240725005935,46.90,20.70
20240725010005,46.80,20.60
20240725010035,46.80,20.60
20240725010105,46.80,20.60
20240725010135,46.90,20.60
20240725010205,46.90,20.50
20240725010235,46.80,20.60
20240725010305,46.80,20.60
20240725010335,46.70,20.50
20240725010405,46.90,20.60
20240725010435,46.90,20.50
20240725010505,46.80,20.60
20240725010535,46.70,20.60
20240725010605,46.70,20.60
20240725010635,46.70,20.60
20240725010705,46.80,20.60
20240725010735,46.80,20.60
20240725010805,46.80,20.60
20240725010835,46.90,20.50
20240725010905,47.00,20.60
20240725010935,46.80,20.60
20240725011005,46.70,20.50
20240725011035,46.80,20.50
20240725011105,46.70,20.60
20240725011135,46.80,20.60
20240725011205,46.80,20.60
20240725011235,46.80,20.50
20240725011305,46.80,20.50
20240725011335,46.70,20.50
20240725011405,46.90,20.50
20240725011435,46.90,20.50
20240725011505,47.00,20.40
20240725011535,46.90,20.50
20240725011605,47.00,20.50
20240725011635,46.90,20.40
20240725011705,46.90,20.50
20240725011735,47.00,20.50
20240725011805,47.10,20.50
20240725011835,46.90,20.40
20240725011905,47.00,20.40
20240725011935,46.90,20.40
20240725012005,46.90,20.40
20240725012035,47.10,20.50
20240725012105,47.10,20.40
20240725012135,47.00,20.40
20240725012205,47.00,20.40
20240725012235,47.00,20.40
20240725012305,47.00,20.40
20240725012335,46.90,20.40
20240725012405,46.90,20.40
20240725012435,46.70,20.50
20240725012505,46.90,20.50
20240725012535,46.80,20.50
20240725012605,47.00,20.40
20240725012635,47.00,20.50
20240725012705,47.00,20.60
20240725012735,46.80,20.40
20240725012805,46.80,20.40
20240725012835,46.90,20.40
20240725012905,46.80,20.40
20240725012935,47.00,20.40
20240725013005,46.90,20.40
20240725013035,47.10,20.30
20240725013105,46.90,20.40
20240725013135,47.00,20.30
20240725013205,46.90,20.40
20240725013235,46.80,20.50
20240725013305,46.90,20.40
20240725013335,46.90,20.30
20240725013405,46.90,20.40
20240725013435,46.90,20.40
20240725013505,46.90,20.40
20240725013535,47.00,20.40
20240725013605,47.00,20.40
20240725013635,47.00,20.40
20240725013705,47.00,20.40
20240725013735,46.80,20.30
20240725013805,47.00,20.40
20240725013835,46.90,20.40
20240725013905,46.80,20.40
20240725013936,46.90,20.50
20240725014006,46.80,20.50
20240725014036,46.90,20.40
20240725014106,46.80,20.50
20240725014136,46.90,20.50
20240725014206,46.90,20.40
20240725014236,46.80,20.40
20240725014306,46.90,20.40
20240725014336,46.90,20.40
20240725014406,46.70,20.50
20240725014436,46.80,20.40
20240725014506,47.00,20.40
20240725014536,46.90,20.30
20240725014606,46.90,20.40
20240725014636,46.90,20.40
20240725014706,46.90,20.20
20240725014736,46.90,20.40
20240725014806,47.00,20.40
20240725014836,46.80,20.40
20240725014906,47.00,20.40
20240725014936,46.80,20.40
20240725015006,46.80,20.30
20240725015036,47.10,20.30
20240725015106,47.00,20.30
20240725015136,47.00,20.30
20240725015206,46.90,20.40
20240725015236,46.90,20.30
20240725015306,46.90,20.30
20240725015336,47.00,20.40
20240725015406,47.00,20.30
20240725015436,47.00,20.30
20240725015506,46.90,20.30
20240725015536,47.00,20.30
20240725015606,46.90,20.40
20240725015636,46.90,20.40
20240725015706,46.80,20.40
20240725015736,46.80,20.30
20240725015806,46.90,20.30
20240725015836,46.90,20.30
20240725015906,47.00,20.30
20240725015936,47.00,20.30
20240725020006,47.00,20.20
20240725020036,46.90,20.30
20240725020106,47.00,20.40
20240725020136,46.80,20.30
20240725020206,47.00,20.30
20240725020236,46.80,20.30
20240725020306,46.90,20.20
20240725020336,46.90,20.20
20240725020406,46.90,20.30
20240725020436,47.00,20.30
20240725020506,46.90,20.20
20240725020536,46.90,20.30
20240725020606,46.90,20.30
20240725020636,47.00,20.20
20240725020706,46.80,20.20
20240725020736,47.00,20.20
20240725020806,47.00,20.30
20240725020836,47.10,20.30
20240725020906,47.00,20.30
20240725020936,47.00,20.20
20240725021006,47.10,20.20
20240725021036,47.10,20.20
20240725021106,47.00,20.20
20240725021136,47.10,20.20
20240725021206,47.00,20.20
20240725021236,47.10,20.20
20240725021306,47.00,20.20
20240725021336,47.00,20.30
20240725021406,47.00,20.20
20240725021436,46.90,20.30
20240725021506,47.00,20.30
20240725021536,46.90,20.20
20240725021606,47.00,20.30
20240725021636,47.10,20.30
20240725021706,47.10,20.30
20240725021736,47.00,20.20
20240725021806,47.00,20.20
20240725021836,47.00,20.20
20240725021906,47.00,20.20
20240725021936,46.90,20.20
20240725022006,47.00,20.20
20240725022036,46.90,20.20
20240725022106,47.10,20.20
20240725022136,46.90,20.20
20240725022206,47.00,20.20
20240725022236,46.90,20.20
20240725022306,47.00,20.20
20240725022336,47.10,20.20
20240725022406,47.00,20.20
20240725022436,47.00,20.20
20240725022506,47.10,20.20
20240725022536,47.10,20.20
20240725022606,47.10,20.20
20240725022636,47.10,20.10
20240725022706,47.10,20.20
20240725022736,47.10,20.20
20240725022806,46.90,20.20
20240725022836,47.20,20.10
20240725022906,47.10,20.20
20240725022936,47.00,20.20
20240725023006,47.00,20.20
20240725023036,46.90,20.20
20240725023106,47.10,20.20
20240725023136,46.90,20.20
20240725023206,47.10,20.20
20240725023236,47.20,20.10
20240725023306,47.00,20.20
20240725023336,47.10,20.20
20240725023406,47.00,20.20
20240725023436,47.10,20.10
20240725023506,47.20,20.10
20240725023536,47.10,20.20
20240725023606,47.10,20.10
20240725023636,47.10,20.20
20240725023706,47.10,20.20
20240725023736,47.00,20.20
20240725023806,47.10,20.10
20240725023836,47.10,20.10
20240725023906,47.10,20.10
20240725023936,47.10,20.10
20240725024006,47.10,20.20
20240725024036,47.00,20.20
20240725024106,47.00,20.10
20240725024136,47.10,20.10
20240725024206,47.10,20.10
20240725024236,47.00,20.20
20240725024306,47.10,20.10
20240725024336,47.20,20.10
20240725024406,47.00,20.10
20240725024436,47.30,20.00
20240725024506,47.20,20.10
20240725024536,47.10,20.10
20240725024606,47.10,20.10
20240725024636,47.10,20.10
20240725024706,47.10,20.10
20240725024736,47.20,20.10
20240725024806,47.20,20.10
20240725024836,47.20,20.10
20240725024906,47.10,20.00
20240725024936,47.20,20.10
20240725025006,47.10,20.10
20240725025036,47.10,20.00
20240725025106,47.10,20.10
20240725025136,47.20,20.00
20240725025206,47.00,20.00
20240725025236,47.00,20.00
20240725025306,47.10,20.10
20240725025336,47.10,20.10
20240725025406,47.00,20.10
20240725025436,47.20,20.10
20240725025506,47.00,20.10
20240725025537,47.00,20.10
20240725025607,47.10,20.00
20240725025637,47.10,20.00
20240725025707,47.10,20.10
20240725025737,47.00,20.10
20240725025807,47.10,20.10
20240725025837,47.20,20.00
20240725025907,47.10,20.10
20240725025937,47.00,20.10
20240725030007,47.10,20.00
20240725030037,47.10,20.00
20240725030107,47.10,20.00
20240725030137,47.20,20.00
20240725030207,47.10,20.00
20240725030237,47.30,20.00
20240725030307,47.10,20.00
20240725030337,47.00,20.10
20240725030407,47.10,20.00
20240725030437,47.00,20.10
20240725030507,47.00,20.10
20240725030537,47.00,20.00
20240725030607,47.10,20.00
20240725030637,47.10,20.00
20240725030707,47.10,20.10
20240725030737,47.00,20.10
20240725030807,47.20,20.00
20240725030837,47.00,20.10
20240725030907,47.10,20.00
20240725030937,47.20,20.00
20240725031007,46.90,20.10
20240725031037,47.00,20.00
20240725031107,47.10,20.00
20240725031137,46.90,20.00
20240725031207,47.00,20.10
20240725031237,47.20,20.00
20240725031307,47.20,20.00
20240725031337,47.10,20.10
20240725031407,47.00,20.10
20240725031437,47.10,20.00
20240725031507,47.00,20.00
20240725031537,47.00,20.10
20240725031607,47.10,20.10
20240725031637,47.00,20.10
20240725031707,47.00,20.00
20240725031737,46.80,20.00
20240725031807,47.00,20.00
20240725031837,47.10,20.00
20240725031907,47.00,20.10
20240725031937,46.90,19.90
20240725032007,47.10,20.10
20240725032037,47.00,20.10
20240725032107,47.10,20.00
20240725032137,46.90,20.00
20240725032207,47.10,20.00
20240725032237,47.10,20.10
20240725032307,46.90,20.10
20240725032337,47.00,20.10
20240725032407,47.10,20.10
20240725032437,47.00,20.00
20240725032507,47.00,20.00
20240725032537,47.00,20.10
20240725032607,47.00,20.00
20240725032637,47.00,20.00
20240725032707,46.90,20.00
20240725032737,47.10,20.10
20240725032807,47.00,20.00
20240725032837,47.00,20.10
20240725032907,47.00,20.10
20240725032937,47.00,20.10
20240725033007,46.90,20.10
20240725033037,46.90,20.00
20240725033107,47.00,20.10
20240725033137,46.90,20.10
20240725033207,47.00,20.10
20240725033237,47.00,20.00
20240725033307,47.00,20.10
20240725033337,46.90,20.10
20240725033407,47.00,20.10
20240725033437,47.10,20.00
20240725033507,47.10,20.00
20240725033537,47.00,20.00
20240725033607,47.00,20.00
20240725033637,46.90,20.10
20240725033707,47.00,20.10
20240725033737,46.90,20.00
20240725033807,46.90,20.10
20240725033837,46.90,20.10
20240725033907,47.00,20.10
20240725033937,46.90,20.00
20240725034007,47.00,20.10
20240725034037,46.90,20.10
20240725034107,46.80,20.10
20240725034137,47.00,20.00
20240725034207,47.10,20.10
20240725034237,47.10,20.10
20240725034307,47.00,20.00
20240725034337,47.00,20.00
20240725034407,46.90,20.10
20240725034437,46.90,20.00
20240725034507,47.00,20.10
20240725034537,47.00,20.00
20240725034607,47.10,20.00
20240725034637,47.10,20.00
20240725034707,47.10,20.10
20240725034737,46.90,20.00
20240725034807,47.20,20.10
20240725034837,47.00,20.00
20240725034907,46.90,20.00
20240725034937,47.10,20.10
20240725035007,47.10,20.00
20240725035037,47.10,20.00
20240725035107,47.10,20.00
20240725035137,47.00,20.10
20240725035207,47.00,20.00
20240725035237,47.10,20.00
20240725035307,47.10,20.00
20240725035337,47.00,20.00
20240725035407,47.10,20.00
20240725035437,47.10,20.00
20240725035507,47.00,20.00
20240725035537,47.20,20.10
20240725035607,47.10,20.10
20240725035637,47.00,20.00
20240725035707,47.10,20.10
20240725035737,47.00,20.00
20240725035807,47.10,20.10
20240725035837,47.10,20.00
20240725035907,46.90,20.10
20240725035937,47.00,20.10
20240725040007,47.10,20.10
20240725040037,47.10,20.10
20240725040107,47.20,20.00
20240725040137,47.10,20.00
20240725040207,47.30,20.00
20240725040237,47.10,20.00
20240725040307,47.00,20.00
20240725040337,47.20,20.00
20240725040407,47.30,20.00
20240725040437,47.30,20.00
20240725040507,47.10,20.00
20240725040537,47.10,20.00
20240725040607,47.20,20.00
20240725040637,47.20,19.90
20240725040707,47.20,19.90
20240725040737,47.10,20.00
20240725040807,47.20,20.00
20240725040837,47.20,20.00
20240725040907,47.10,20.10
20240725040937,47.10,19.90
20240725041007,47.10,20.00
20240725041038,47.10,20.00
20240725041108,47.10,20.00
20240725041138,47.00,20.10
20240725041208,47.00,20.00
20240725041238,47.20,20.10
20240725041308,47.20,20.00
20240725041338,47.10,20.00
20240725041408,47.20,20.00
20240725041438,47.10,20.00
20240725041508,47.10,20.00
20240725041538,47.00,20.00
20240725041608,47.30,20.00
20240725041638,47.30,19.90
20240725041708,47.40,20.00
20240725041738,47.30,19.90
20240725041808,47.20,20.00
20240725041838,47.40,19.90
20240725041908,47.30,20.00
20240725041938,47.30,20.00
20240725042008,47.30,20.00
20240725042038,47.40,20.00
20240725042108,47.30,20.00
20240725042138,47.40,19.90
20240725042208,47.20,19.90
20240725042238,47.40,19.90
20240725042308,47.30,19.90
20240725042338,47.20,20.00
20240725042408,47.20,20.00
20240725042438,47.30,20.00
20240725042508,47.20,19.90
20240725042538,47.20,19.90
20240725042608,47.20,19.90
20240725042638,47.30,19.90
20240725042708,47.20,19.90
20240725042738,47.30,19.90
20240725042808,47.30,19.90
20240725042838,47.50,19.90
20240725042908,47.30,19.90
20240725042938,47.20,19.90
20240725043008,47.30,20.00
20240725043038,47.20,20.00
20240725043108,47.30,20.00
20240725043138,47.20,20.00
20240725043208,47.30,20.00
20240725043238,47.30,19.90
20240725043308,47.30,20.00
20240725043338,47.20,19.90
20240725043408,47.10,20.00
20240725043438,47.30,19.90
20240725043508,47.30,20.00
20240725043538,47.30,19.90
20240725043608,47.30,19.90
20240725043638,47.30,20.00
20240725043708,47.30,19.90
20240725043738,47.40,20.00
20240725043808,47.20,19.90
20240725043838,47.30,19.90
20240725043908,47.40,19.90
20240725043938,47.30,19.90
20240725044008,47.30,20.00
20240725044038,47.30,20.00
20240725044108,47.40,20.00
20240725044138,47.30,19.90
20240725044208,47.40,19.90
20240725044238,47.50,19.90
20240725044308,47.40,19.90
20240725044338,47.60,19.90
20240725044408,47.60,19.90
20240725044438,47.40,20.00
20240725044508,47.40,19.90
20240725044538,47.30,19.90
20240725044608,47.30,19.90
20240725044638,47.40,19.90
20240725044708,47.40,19.90
20240725044738,47.50,19.90
20240725044808,47.50,19.90
20240725044838,47.40,19.90
20240725044908,47.50,19.90
20240725044938,47.30,20.00
20240725045008,47.30,19.80
20240725045038,47.30,19.80
20240725045108,47.40,20.00
20240725045138,47.40,19.90
20240725045208,47.40,19.90
20240725045238,47.30,19.90
20240725045308,47.30,19.90
20240725045338,47.20,19.90
20240725045408,47.30,19.90
20240725045438,47.30,19.90
20240725045508,47.20,19.90
20240725045538,47.40,20.00
20240725045608,47.30,19.90
20240725045638,47.20,19.90
20240725045708,47.20,20.00
20240725045738,47.20,20.00
20240725045808,47.20,20.00
20240725045838,47.30,20.00
20240725045908,47.10,20.00
20240725045938,47.30,20.00
20240725050008,47.10,19.90
20240725050038,47.20,19.90
20240725050108,47.10,19.90
20240725050138,47.10,19.90
20240725050208,47.20,19.90
20240725050238,47.20,19.90
20240725050308,47.20,19.90
20240725050338,47.30,20.00
20240725050408,47.20,20.00
20240725050438,47.00,19.90
20240725050508,47.20,19.90
20240725050538,47.10,20.00
20240725050608,47.20,20.00
20240725050638,47.30,20.00
20240725050708,47.20,19.90
20240725050738,47.10,20.00
20240725050808,47.10,20.00
20240725050838,47.10,20.00
20240725050908,47.10,19.80
20240725050938,47.00,20.00
20240725051008,47.30,19.90
20240725051038,47.20,19.90
20240725051108,47.20,20.00
20240725051138,47.10,20.00
20240725051208,47.20,20.00
20240725051238,47.30,19.90
20240725051308,47.20,20.00
20240725051338,47.20,19.90
20240725051408,47.30,19.90
20240725051438,47.30,20.00
20240725051508,47.00,20.00
20240725051538,47.20,20.00
20240725051608,47.10,20.00
20240725051638,47.00,20.00
20240725051708,47.10,19.90
20240725051738,47.10,19.90
20240725051808,47.10,20.00
20240725051838,47.00,20.00
20240725051908,47.10,19.90
20240725051938,47.20,20.00
20240725052008,47.00,20.00
20240725052038,47.20,19.90
20240725052108,47.20,19.90
20240725052138,47.30,19.90
20240725052208,47.10,20.00
20240725052238,47.00,19.90
20240725052308,47.10,19.90
20240725052338,47.20,19.90
20240725052408,47.10,19.90
20240725052438,47.00,19.90
20240725052509,47.00,20.00
20240725052539,47.20,20.00
20240725052609,47.10,19.90
20240725052639,47.10,20.00
20240725052709,47.10,20.00
20240725052739,47.00,19.90
20240725052809,47.30,19.90
20240725052839,47.10,19.90
20240725052909,47.20,19.90
20240725052939,47.10,20.00
20240725053009,47.10,20.00
20240725053039,47.10,19.80
20240725053109,47.10,19.90
20240725053139,47.10,19.90
20240725053209,47.20,20.00
20240725053239,47.00,20.00
20240725053309,47.20,19.90
20240725053339,47.20,19.90
20240725053409,47.00,19.90
20240725053439,47.20,19.80
20240725053509,47.20,19.90
20240725053539,47.10,19.90
20240725053609,47.20,19.90
20240725053639,47.10,20.00
20240725053709,47.20,19.90
20240725053739,47.20,20.00
20240725053809,47.10,19.90
20240725053839,47.10,19.90
20240725053909,47.20,19.90
20240725053939,47.20,20.00
20240725054009,47.10,20.00
20240725054039,47.20,19.90
20240725054109,47.30,20.00
20240725054139,47.10,19.90
20240725054209,47.10,20.00
20240725054239,47.20,19.90
20240725054309,47.10,19.90
20240725054339,47.20,19.90
20240725054409,47.20,19.90
20240725054439,47.20,19.90
20240725054509,47.10,19.90
20240725054539,47.20,19.90
20240725054609,47.20,19.90
20240725054639,47.10,20.00
20240725054709,47.30,20.00
20240725054739,47.20,19.90
20240725054809,47.00,19.90
20240725054839,47.00,19.90
20240725054909,47.20,19.90
20240725054939,47.00,20.00
20240725055009,47.30,19.90
20240725055039,47.10,19.90
20240725055109,47.10,19.90
20240725055139,47.20,20.00
20240725055209,47.20,20.00
20240725055239,47.20,20.00
20240725055309,47.10,19.90
20240725055339,47.20,19.90
20240725055409,47.10,19.90
20240725055439,47.10,19.90
20240725055509,47.10,20.00
20240725055539,47.10,20.00
20240725055609,47.20,19.90
20240725055639,47.20,19.90
20240725055709,47.20,19.90
20240725055739,47.30,19.90
20240725055809,47.30,19.90
20240725055839,47.20,19.90
20240725055909,47.30,19.90
20240725055939,47.20,19.90
20240725060009,47.30,19.90
20240725060039,47.20,19.90
20240725060109,47.30,19.90
20240725060139,47.20,19.90
20240725060209,47.20,19.90
20240725060239,47.20,20.00
20240725060309,47.20,19.90
20240725060339,47.20,19.90
20240725060409,47.20,20.00
20240725060439,47.30,19.90
20240725060509,47.20,19.90
20240725060539,47.10,19.90
20240725060609,47.20,19.90
20240725060639,47.30,19.80
20240725060709,47.40,20.00
20240725060739,47.30,19.90
20240725060809,47.40,19.90
20240725060839,47.30,19.80
20240725060909,47.20,19.90
20240725060939,47.40,19.90
20240725061009,47.30,19.90
20240725061039,47.40,19.90
20240725061109,47.40,19.90
20240725061139,47.30,20.00
20240725061209,47.30,19.90
20240725061239,47.30,19.90
20240725061309,47.20,19.90
20240725061339,47.30,19.90
20240725061409,47.20,19.90
20240725061439,47.20,19.90
20240725061509,47.30,19.90
20240725061539,47.30,19.90
20240725061609,47.30,19.90
20240725061639,47.30,19.90
20240725061709,47.40,19.90
20240725061739,47.30,19.90
20240725061809,47.40,19.80
20240725061839,47.50,19.90
20240725061909,47.40,19.90
20240725061939,47.30,19.80
20240725062009,47.50,19.90
20240725062039,47.30,19.80
20240725062109,47.40,19.90
20240725062139,47.30,19.90
20240725062209,47.50,19.90
20240725062239,47.30,19.90
20240725062309,47.40,19.90
20240725062339,47.60,19.90
20240725062409,47.40,19.90
20240725062439,47.40,19.90
20240725062509,47.50,19.80
20240725062539,47.30,20.00
20240725062609,47.40,19.90
20240725062639,47.50,19.90
20240725062709,47.40,19.80
20240725062739,47.60,19.90
20240725062809,47.50,19.90
20240725062839,47.60,19.90
20240725062909,47.40,19.80
20240725062939,47.50,19.90
20240725063009,47.50,19.80
20240725063039,47.50,19.90
20240725063109,47.50,19.90
20240725063139,47.50,19.90
20240725063209,47.50,19.90
20240725063239,47.50,19.90
20240725063309,47.40,19.90
20240725063339,47.70,19.90
20240725063409,47.60,19.90
20240725063439,47.60,20.00
20240725063509,47.40,19.90
20240725063539,47.40,19.90
20240725063609,47.40,19.90
20240725063639,47.50,19.90
20240725063709,47.60,19.90
20240725063739,47.70,19.90
20240725063809,47.70,19.70
20240725063839,47.70,19.80
20240725063909,47.70,19.70
20240725063939,47.70,19.80
20240725064010,47.60,19.70
20240725064040,47.70,19.80
20240725064110,47.60,19.80
20240725064140,47.80,19.80
20240725064210,47.70,19.80
20240725064240,47.60,19.90
20240725064310,47.80,19.80
20240725064340,47.80,19.80
20240725064410,47.60,19.90
20240725064440,47.60,19.90
20240725064510,47.80,19.80
20240725064540,47.70,19.80
20240725064610,47.70,19.80
20240725064640,47.60,19.80
20240725064710,47.70,19.90
20240725064740,47.60,19.80
20240725064810,47.70,19.90
20240725064840,47.70,19.80
20240725064910,47.60,19.80
20240725064940,47.80,19.90
20240725065010,47.70,19.80
20240725065040,47.70,19.90
20240725065110,47.60,19.90
20240725065140,47.70,19.80
20240725065210,47.80,19.90
20240725065240,47.70,19.80
20240725065310,47.70,19.90
20240725065340,47.60,19.80
20240725065410,47.80,19.90
20240725065440,47.70,19.80
20240725065510,47.70,19.70
20240725065540,47.70,19.80
20240725065610,47.70,19.80
20240725065640,47.80,19.90
20240725065710,47.80,19.80
20240725065740,47.80,19.80
20240725065810,47.80,19.80
20240725065840,47.80,19.80
20240725065910,47.80,19.80
20240725065940,47.90,19.80
20240725070010,47.90,19.80
20240725070040,48.00,19.80
20240725070110,48.00,19.80
20240725070140,47.90,19.80
20240725070210,47.90,19.70
20240725070240,48.00,19.80
20240725070310,48.00,19.70
20240725070340,48.00,19.80
20240725070410,48.00,19.70
20240725070440,47.90,19.80
20240725070510,48.00,19.80
20240725070540,47.90,19.80
20240725070610,48.00,19.70
20240725070640,48.00,19.70
20240725070710,48.00,19.80
20240725070740,48.00,19.80
20240725070810,48.10,19.70
20240725070840,48.10,19.80
20240725070910,48.00,19.80
20240725070940,48.10,19.70
20240725071010,48.00,19.70
20240725071040,47.90,19.70
20240725071110,48.00,19.80
20240725071140,48.10,19.80
20240725071210,48.10,19.70
20240725071240,48.00,19.80
20240725071310,48.10,19.70
20240725071340,48.10,19.80
20240725071410,48.10,19.70
20240725071440,48.10,19.80
20240725071510,48.20,19.80
20240725071540,48.10,19.70
20240725071610,48.20,19.80
20240725071640,48.00,19.80
20240725071710,48.10,19.80
20240725071740,48.10,19.70
20240725071810,48.20,19.80
20240725071840,48.10,19.70
20240725071910,48.20,19.80
20240725071940,48.10,19.70
20240725072010,48.30,19.70
20240725072040,48.10,19.70
20240725072110,48.20,19.70
20240725072140,48.40,19.80
20240725072210,48.20,19.80
20240725072240,48.20,19.70
20240725072310,48.40,19.70
20240725072340,48.20,19.80
20240725072410,48.20,19.70
20240725072440,48.10,19.70
20240725072510,48.20,19.80
20240725072540,48.30,19.70
20240725072610,48.20,19.70
20240725072640,48.50,19.70
20240725072710,48.40,19.70
20240725072740,48.40,19.80
20240725072810,48.20,19.80
20240725072840,48.40,19.80
20240725072910,48.50,19.90
20240725072940,48.30,19.90
20240725073010,48.20,20.00
20240725073040,48.20,19.90
20240725073110,48.30,19.90
20240725073140,48.00,20.00
20240725073210,48.00,20.00
20240725073240,48.00,20.00
20240725073310,47.90,20.00
20240725073340,48.00,20.00
20240725073410,47.70,20.10
20240725073440,47.80,20.10
20240725073510,47.70,20.10
20240725073540,47.70,20.10
20240725073610,47.80,20.20
20240725073640,47.60,20.20
20240725073710,47.60,20.30
20240725073740,47.60,20.20
20240725073810,47.50,20.30
20240725073840,47.60,20.30
20240725073910,47.60,20.30
20240725073940,47.50,20.30
20240725074010,47.50,20.30
20240725074040,47.60,20.40
20240725074110,47.70,20.40
20240725074140,47.50,20.40
20240725074210,47.50,20.40
20240725074240,47.50,20.40
20240725074310,47.50,20.50
20240725074340,47.60,20.50
20240725074410,47.40,20.40
20240725074440,47.40,20.50
20240725074510,47.70,20.60
20240725074540,47.40,20.60
20240725074610,47.40,20.50
20240725074640,47.50,20.50
20240725074710,47.70,20.60
20240725074740,47.60,20.60
20240725074810,47.40,20.50
20240725074840,47.60,20.70
20240725074910,47.70,20.60
20240725074940,47.80,20.60
20240725075010,48.00,20.60
20240725075040,47.80,20.60
20240725075110,47.90,20.60
20240725075140,48.20,20.70
20240725075210,48.00,20.80
20240725075240,48.20,20.70
20240725075310,48.10,20.80
20240725075340,48.00,20.70
20240725075411,48.20,20.80
20240725075441,48.10,20.80
20240725075511,48.10,20.80
20240725075541,48.10,20.80
20240725075611,48.20,20.80
20240725075641,48.10,20.80
20240725075711,48.30,20.80
20240725075741,48.20,20.80
20240725075811,48.40,20.80
20240725075841,48.30,20.70
20240725075911,48.20,20.80
20240725075941,48.30,20.80
20240725080011,48.30,20.90
20240725080041,48.40,20.90
20240725080111,48.20,20.80
20240725080141,48.40,20.80
20240725080211,48.40,20.90
20240725080241,48.50,20.90
20240725080311,48.40,20.90
20240725080341,48.40,20.80
20240725080411,48.20,20.90
20240725080441,48.20,21.00
20240725080511,48.40,21.00
20240725080541,48.40,21.00
20240725080611,48.40,20.90
20240725080641,48.30,21.00
20240725080711,48.50,21.00
20240725080741,48.40,21.00
20240725080811,48.30,21.00
20240725080841,48.30,21.10
20240725080911,48.40,21.00
20240725080941,48.40,21.00
20240725081011,48.30,21.10
20240725081041,48.40,21.10
20240725081111,48.40,21.10
20240725081141,48.40,21.00
20240725081211,48.40,21.10
20240725081241,48.50,21.10
20240725081311,48.50,21.10
20240725081341,48.40,21.10
20240725081411,48.30,21.10
20240725081441,48.40,21.20
20240725081511,48.60,21.20
20240725081541,48.40,21.10
20240725081611,48.40,21.10
20240725081641,48.40,21.10
20240725081711,48.40,21.10
20240725081741,48.40,21.20
20240725081811,48.60,21.20
20240725081841,48.40,21.10
20240725081911,48.40,21.20
20240725081941,48.50,21.20
20240725082011,48.50,21.20
20240725082041,48.60,21.20
20240725082111,48.50,21.20
20240725082141,48.60,21.20
20240725082211,48.40,21.20
20240725082241,48.40,21.20
20240725082311,48.40,21.30
20240725082341,48.40,21.20
20240725082411,48.70,21.30
20240725082441,48.50,21.20
20240725082511,48.50,21.30
20240725082541,48.50,21.30
20240725082611,48.50,21.30
20240725082641,48.50,21.30
20240725082711,48.60,21.30
20240725082741,48.50,21.30
20240725082811,48.50,21.30
20240725082841,48.50,21.40
20240725082911,48.50,21.30
20240725082941,48.50,21.30
20240725083011,48.60,21.30
20240725083041,48.50,21.40
20240725083111,48.50,21.30
20240725083141,48.50,21.40
20240725083211,48.60,21.40
20240725083241,48.60,21.40
20240725083311,48.60,21.30
20240725083341,48.60,21.40
20240725083411,48.70,21.40
20240725083441,48.50,21.40
20240725083511,48.60,21.50
20240725083541,48.60,21.40
20240725083611,48.50,21.50
20240725083641,48.60,21.40
20240725083711,48.50,21.50
20240725083741,48.50,21.40
20240725083811,48.60,21.50
20240725083841,48.60,21.40
20240725083911,48.50,21.50
20240725083941,48.60,21.50
20240725084011,48.60,21.50
20240725084041,48.50,21.60
20240725084111,48.50,21.50
20240725084141,48.50,21.60
20240725084211,48.40,21.50
20240725084241,48.70,21.60
20240725084311,48.50,21.60
20240725084341,48.50,21.50
20240725084411,48.60,21.50
20240725084441,48.80,21.50
20240725084511,48.80,21.50
20240725084541,48.70,21.50
20240725084611,48.70,21.50
20240725084641,48.80,21.40
20240725084711,48.80,21.50
20240725084741,49.00,21.40
20240725084811,48.90,21.40
20240725084841,48.90,21.40
20240725084911,48.90,21.50
20240725084941,48.80,21.50
20240725085011,48.70,21.50
20240725085041,48.80,21.50
20240725085111,48.90,21.50
20240725085141,48.80,21.50
20240725085211,48.70,21.60
20240725085241,48.60,21.50
20240725085311,48.70,21.60
20240725085341,48.60,21.60
20240725085411,48.70,21.60
20240725085441,48.60,21.70
20240725085511,48.50,21.60
20240725085541,48.60,21.60
20240725085611,48.60,21.60
20240725085641,48.60,21.70
20240725085711,48.60,21.60
20240725085741,48.60,21.60
20240725085811,48.40,21.70
20240725085841,48.50,21.70
20240725085911,48.50,21.70
20240725085941,48.60,21.70
20240725090011,48.80,21.70
20240725090041,48.80,21.60
20240725090111,48.80,21.70
20240725090141,48.80,21.60
20240725090211,48.80,21.60
20240725090241,48.80,21.60
20240725090311,48.90,21.50
20240725090341,48.80,21.60
20240725090411,48.90,21.60
20240725090441,48.80,21.60
20240725090511,49.00,21.60
20240725090541,48.90,21.50
20240725090611,48.80,21.60
20240725090644,48.90,21.60
20240725090714,48.90,21.60
20240725090744,48.80,21.60
20240725090814,48.80,21.60
20240725090844,48.70,21.60
20240725090914,48.70,21.60
20240725090944,48.70,21.70
20240725091014,48.80,21.70
20240725091044,48.60,21.70
20240725091114,48.60,21.80
20240725091144,48.80,21.70
20240725091214,48.70,21.60
20240725091244,48.60,21.70
20240725091314,48.60,21.70
20240725091344,48.50,21.80
20240725091414,48.60,21.80
20240725091444,48.60,21.80
20240725091514,48.60,21.70
20240725091544,48.50,21.80
20240725091614,48.70,21.80
20240725091644,48.60,21.80
20240725091714,48.70,21.80
